Maple Moor,50,40,16/08/2021
Maple Moor,51,41,08/08/2021
Maple Moor,45,45,01/08/2021
Sprain Lake,50,50,15/08/2021
Sprain Lake,48,49,07/08/2021
Sprain Lake,46,51,08/01/2021
Winged Foot,51,52,14/08/2021
Winged Foot,51,52,08/06/2021
Winged Foot,51,52,08/01/2021
Winged Foot,51,52,08/01/2021
Winged Foot,51,52,08/01/2021
Winged Foot,51,52,08/01/2021
Winged Foot,51,52,08/01/2021
Saxon Woods,42,45,08/03/2020
Saxon Woods,42,45,08/04/2020
Saxon Woods,42,46,08/05/2020
Saxon Woods,42,54,08/06/2020
Saxon Woods,50,60,08/07/2020
Saxon Woods,100,100,08/08/2020
Saxon Woods,42,51,08/09/2020